Ctry,ISO3,ISO2,Population,PoplGrowthRate,PercentUrbanized,PercentUnderAge15,AreaSquareMiles,PopulationPerSquareMile,LiteracyRate,LiteracySource,ROL3OfficialLanguage,ROL3SecondaryLanguage,RLG3Primary,RLG4Primary,PctAnimist,PctBahai,PctBuddhism,PctChinese,PctHindu,PctIslam,PctSikh,PctJudaism,PctNonReligious,PctOther,PctChristian,PctChristianProtestant,PctChristianIndependent,PctChristianAnglican,PctChristianRomanCatholic,PctChristianOrthodoxCatholic,PctChristianMarginal,PctChristianUnaffiliated,PctChristianDoublyProfessing,PctChristianOther,PctChristianExtra
Sri Lanka,LKA,LK,20950000.0,0.45168420546826193,19.0,24.35,25332.0,774.0,95.0,Ethnologue 2018,sin,eng,2.0,,0.0,0.07,70.02,0.0,12.8,8.52,0.01,0.0,0.2,0.0,8.38,8.38,0.69,0.16,7.08,0.0,0.05,0.0,-0.199999990200856,0.0,0.0
"Congo, Republic of the",COG,CG,5400000.0,2.6365745623286228,67.0,41.53,132046.0,22.0,79.0,Ethnologue 2018,fra,,1.0,6.0,5.2,0.6,0.0,0.0,0.0,1.58,0.0,0.0,2.8,0.1,89.72,11.31,14.510000000000002,0.0,61.480000000000004,0.01,0.66,1.7500000000000002,0.0,0.0,0.0
"Congo, Democratic Republic of",COD,CD,84005000.0,3.160944771270524,45.0,42.2,905351.0,61.0,77.0,Ethnologue 2018,fra,eng,1.0,6.0,5.1,0.38,0.0,0.0,0.15,1.9,0.0,0.0,0.32,0.0,92.15,22.39,20.19,0.76,49.98,0.04,1.06,4.0,-0.347453654303465,0.0,0.0
China,CHN,CN,1415046000.0,0.42754117525354063,59.0,17.1,3705390.0,347.0,95.0,Ethnologue 2018,cmn,,7.0,,4.55,0.0,12.5,28.5,0.0,1.87,0.0,0.0,44.36,0.3,7.92,2.24,4.12,0.0,1.6,0.0,0.22999999999999998,0.0,-0.26999999969186483,0.0,0.0
Chile,CHL,CL,18197000.0,0.9982351643503199,88.0,20.27,292135.0,53.0,99.0,Ethnologue 2018,spa,,1.0,6.0,0.85,0.4,0.04,0.0,0.0,0.2,0.0,0.8,10.48,0.0,87.23,11.69,9.24,0.12,62.14999999999999,0.07,4.12,4.8,-4.960000018675545,0.0,0.0
Cayman Islands,CYM,KY,62000.0,1.639344262295082,100.0,18.13,,,99.0,Ethnologue 2018,eng,,1.0,3.0,13.0,0.9,0.0,0.0,0.28,0.21,0.0,1.7,6.8,0.0,77.11,45.15,8.09,1.06,7.24,0.0,1.38,14.19,0.0,0.0,0.0
Cocos (Keeling) Islands,CCK,CC,600.0,-0.21,,,,,,,eng,coa,6.0,,0.0,0.0,0.0,2.9,0.0,71.4,0.0,0.0,6.3,0.0,19.4,0.0,0.0,13.43,5.97,0.0,0.0,0.0,0.0,0.0,0.0
Cameroon,CMR,CM,24678000.0,2.466142785487377,56.0,42.6,183568.0,89.0,75.0,Ethnologue 2018,fra,eng,1.0,6.0,18.99,0.25,0.0,0.0,0.0,26.0,0.0,0.0,0.9,0.06,53.8,19.1,4.18,0.0,23.42,0.01,0.39,6.7,0.0,0.0,0.0
Comoros,COM,KM,832000.0,2.3543990086741013,29.0,40.1,861.0,717.0,76.0,Ethnologue 2018,swb,fra,6.0,,0.0,0.0,0.0,0.0,0.09,98.84,0.0,0.0,0.14,0.0,0.93,0.21,0.08,0.0,0.64,0.0,0.0,0.0,0.0,0.0,0.0
Colombia,COL,CO,49465000.0,0.8509064002959674,81.0,24.57,439734.0,94.0,94.0,Ethnologue 2018,spa,,1.0,6.0,2.9,0.16,0.01,0.01,0.02,0.07,0.0,0.01,2.4,0.0,94.42,3.32,4.47,0.02,82.05,0.03,1.21,3.7699999999999996,-0.4499999956803639,0.0,0.0
Northern Mariana Islands,MNP,MP,55000.0,1.8181818181818181,92.0,25.54,,,97.0,Ethnologue 2018,eng,,1.0,6.0,0.0,0.5,5.5,5.8,0.0,0.0,0.0,0.0,3.0,0.0,85.2,15.28,2.85,0.0,57.69,0.0,1.5,7.88,0.0,0.0,0.0
Costa Rica,CRI,CR,4953000.0,1.0088532015647518,79.0,22.82,19730.0,195.0,94.0,Ethnologue 2018,spa,eng,1.0,6.0,0.8,0.28,0.1,0.53,0.0,0.0,0.0,0.05,4.17,0.13,93.94,12.49,4.62,0.02,73.28,0.0,2.4400000000000004,3.73,-2.639999939652922,0.0,0.0
Central African Republic,CAF,CF,4737000.0,2.020808323329332,41.0,40.27,240533.0,15.0,57.0,Ethnologue 2018,fra,sag,1.0,3.0,8.6,0.31,0.0,0.0,0.0,13.8,0.0,0.0,0.92,0.0,76.37,25.11,11.56,0.0,19.64,0.0,0.43000000000000005,19.63,0.0,0.0,0.0
Cuba,CUB,CU,11489000.0,-0.026331958219959622,77.0,16.7,42803.0,262.0,100.0,Ethnologue 2018,spa,,1.0,6.0,18.0,0.0,0.04,0.14,0.14,0.0,0.0,0.0,25.01,0.14,56.53,5.66,1.83,0.12,48.37,0.08,1.16,1.5,-2.190000027667823,0.0,0.0
Cape Verde,CPV,CV,553000.0,1.1385199240986716,66.0,,1556.0,263.0,87.0,Ethnologue 2018,por,,1.0,6.0,1.04,0.12,0.0,0.0,0.0,3.1,0.0,0.01,1.17,0.0,94.56,6.4399999999999995,4.28,0.0,89.4,0.0,2.6899999999999995,2.1,-10.300000780362947,0.0,0.0
Cook Islands,COK,CK,17000.0,0.0,75.0,21.61,,,95.0,Ethnologue 2018,eng,mri,1.0,3.0,0.0,0.8,0.0,0.0,0.0,0.0,0.0,0.0,3.0,0.0,96.2,55.40999999999999,2.06,0.5,16.56,0.0,13.04,8.63,0.0,0.0,0.0
Cyprus,CYP,CY,1189000.0,0.9345794392523363,67.0,15.58,3571.0,215.0,99.0,Ethnologue 2018,ell,tur,1.0,4.0,0.0,0.0,0.07,0.04,0.15,23.67,0.03,0.02,3.6,0.0,72.42,0.48,0.25,0.33,1.59,66.31,0.45999999999999996,3.0,0.0,0.0,0.0
Denmark,DNK,DK,5754000.0,0.36900369003690037,88.0,16.58,16637.0,323.0,99.0,Ethnologue 2018,dan,,1.0,3.0,0.0,0.04,0.4,0.05,0.21,4.1,0.0,0.1,9.81,0.0,85.29,81.31,0.03,0.05,0.66,0.01,0.43000000000000005,2.8,0.0,0.0,0.0
Djibouti,DJI,DJ,971000.0,1.2222222222222223,78.0,31.71,8958.0,53.0,68.0,Ethnologue 2018,arb,fra,6.0,,0.0,0.0,0.0,0.0,0.02,97.03,0.0,0.0,1.2,0.0,1.75,0.09,0.05,0.0,0.8,0.8100000000000002,0.0,0.0,0.0,0.0,0.0
Dominica,DMA,DM,74000.0,0.0,71.0,21.84,290.0,241.0,94.0,Ethnologue 2018,eng,,1.0,6.0,2.7,1.75,0.0,0.2,0.2,0.2,0.0,0.0,3.2,0.0,91.75,22.85,5.11,0.6,60.14000000000001,0.0,1.35,2.45,-0.7499962414492972,0.0,0.0
Dominican Republic,DOM,DO,10883000.0,1.1080852662221805,81.0,27.06,18815.0,465.0,91.0,Ethnologue 2018,spa,,1.0,6.0,2.23,0.08,0.02,0.0,0.0,0.11,0.0,0.01,3.2,0.0,94.35,7.109999999999999,1.9299999999999997,0.04,82.44,0.0,1.7500000000000002,1.42,-0.34000001173538813,0.0,0.0
Aruba,ABW,AW,106000.0,0.9615384615384616,43.0,17.66,,,98.0,Ethnologue 2018,nld,pap,1.0,6.0,1.2,0.13,0.12,0.14,0.0,0.36,0.0,0.12,5.0,0.0,92.93,7.780000000000001,2.33,0.79,74.5,0.0,2.21,5.32,0.0,0.0,0.0
Antigua and Barbuda,ATG,AG,103000.0,1.0752688172043012,25.0,23.36,170.0,397.0,97.0,Ethnologue 2018,eng,aig,1.0,4.0,3.7,0.99,0.0,0.0,0.1,0.6,0.0,0.0,2.1,0.0,92.51,33.81,1.47,33.88,9.37,0.0,1.3699999999999999,12.61,0.0,0.0,0.0
United Arab Emirates,ARE,AE,9542000.0,1.4136182151721162,87.0,20.94,32278.0,76.0,90.0,Ethnologue 2018,arb,afb,6.0,,0.0,0.6,3.7,0.0,15.5,67.65,0.0,0.0,1.6,2.4,8.55,0.69,0.36,0.26,4.82,2.22,0.0,0.2,0.0,0.0,0.0
Afghanistan,AFG,AF,36373000.0,2.3943661971830985,27.0,40.92,251772.0,111.0,32.0,Ethnologue 2018,pbt,prs,6.0,,0.0,0.0,0.0,0.0,0.01,99.85,0.01,0.0,0.07,0.01,0.05,0.03,0.02,0.0,0.0,0.0,0.0,0.0,0.0,0.0,0.0
Algeria,DZA,DZ,42008000.0,1.703982563899346,73.0,29.31,919591.0,35.0,80.0,Ethnologue 2018,arb,fra,6.0,,0.0,0.01,0.0,0.02,0.0,97.29,0.0,0.0,2.4,0.0,0.28,0.03,0.24,0.0,0.01,0.0,0.0,0.0,0.0,0.0,0.0
Azerbaijan,AZE,AZ,9924000.0,1.0741791649777057,56.0,22.82,33436.0,233.0,99.0,Ethnologue 2018,azj,,6.0,,0.0,0.02,0.0,0.0,0.0,87.58,0.0,0.11,9.55,0.0,2.74,0.11,0.07,0.0,0.0,2.55,0.01,0.0,0.0,0.0,0.0
Albania,ALB,AL,2934000.0,0.24104683195592286,60.0,18.05,11100.0,320.0,97.0,Ethnologue 2018,aln,,6.0,,0.0,0.14,0.0,0.0,0.0,62.4,0.0,0.01,6.98,0.0,30.47,0.31,0.4099999999999999,0.0,13.119999999999997,17.0,0.41999999999999993,0.0,-0.7900000851980397,0.0,0.0
Armenia,ARM,AM,2934000.0,0.19828155981493722,63.0,19.0,11506.0,289.0,99.0,Ethnologue 2018,hye,,1.0,4.0,0.0,0.03,0.0,0.0,0.0,1.8,0.0,0.01,3.73,0.0,94.43,0.93,1.4,0.0,7.28,84.65,0.98,0.0,-0.8100000032358491,0.0,0.0
Andorra,AND,AD,77000.0,0.0,88.0,14.74,174.0,394.0,99.0,Ethnologue 2018,cat,fra,1.0,6.0,0.0,0.12,0.0,0.0,0.6,2.3,0.0,0.3,5.9,0.0,90.78,0.22,0.1,0.12,89.06,0.0,0.53,0.75,0.0,0.0,0.0
Angola,AGO,AO,30774000.0,3.1938368626843716,66.0,42.72,481351.0,22.0,70.0,Ethnologue 2018,por,,1.0,6.0,4.0,0.01,0.0,0.0,0.0,1.1,0.0,0.0,0.8,0.0,94.09,26.55,2.73,0.63,64.2,0.0,1.53,3.1,-4.650000023693305,0.0,0.0
American Samoa,ASM,AS,56000.0,0.0,87.0,24.04,,,97.0,Ethnologue 2018,smo,eng,1.0,3.0,0.0,1.5,0.77,0.13,0.0,0.0,0.0,0.0,2.5,0.0,95.1,56.75,3.81,0.25,18.98,0.0,24.67,0.0,-9.360002919494926,0.0,0.0
Argentina,ARG,AR,44689000.0,0.9692795402193992,92.0,24.72,1073514.0,35.0,98.0,Ethnologue 2018,spa,,1.0,6.0,0.12,0.03,0.07,0.0,0.01,0.75,0.0,0.51,8.68,0.55,89.28,6.35,6.309999999999999,0.05,88.28,0.43,1.8700000000000003,0.0,-12.689999998032741,0.0,0.0
Australia,AUS,AU,24768000.0,1.36986301369863,86.0,17.84,2988888.0,7.0,99.0,Ethnologue 2018,eng,,1.0,6.0,0.27,0.06,2.6,0.27,0.95,2.5,0.1,0.52,23.23,0.0,69.5,11.34,1.21,17.62,25.03,4.1,1.28,11.2,-2.280000022317916,0.0,0.0
Austria,AUT,AT,8752000.0,0.25670945157526254,58.0,14.02,32378.0,252.0,98.0,Ethnologue 2018,deu,,1.0,6.0,0.0,0.01,0.2,0.03,0.04,5.5,0.01,0.1,11.48,0.06,82.57,4.32,0.21,0.04,64.5,2.37,0.5700000000000001,10.56,0.0,0.0,0.0
Anguilla,AIA,AI,15000.0,0.0,100.0,22.48,,,95.0,Ethnologue 2018,eng,aig,1.0,3.0,4.3,1.12,0.0,0.0,0.34,0.8,0.0,0.0,3.45,0.0,89.99,45.2,0.0,29.74,5.5,0.0,1.0999999999999999,8.45,0.0,0.0,0.0
Bahrain,BHR,BH,1567000.0,1.574803149606299,89.0,19.27,266.0,2475.0,95.0,Ethnologue 2018,arb,abv,6.0,,0.02,0.21,0.05,0.0,6.0,83.23,0.0,0.08,0.5,0.1,9.81,1.16,2.02,0.37,5.83,0.3,0.02,0.11,0.0,0.0,0.0
Barbados,BRB,BB,286000.0,0.3508771929824561,31.0,18.13,166.0,1668.0,99.0,Ethnologue 2018,eng,,1.0,4.0,0.02,0.75,0.04,0.0,0.4,0.9,0.0,0.0,2.15,0.8,94.94,41.01,11.76,31.96,4.29,0.74,3.73,10.42,-8.96999828494808,0.0,0.0
Botswana,BWA,BW,2333000.0,1.7361111111111112,69.0,32.4,224606.0,7.0,85.0,Ethnologue 2018,eng,tsn,1.0,2.0,32.6,0.83,0.05,0.1,0.24,0.45,0.01,0.01,0.15,0.0,65.56,11.22,31.7,0.61,3.9900000000000007,0.0,0.66,17.38,0.0,0.0,0.0
Bermuda,BMU,BM,61000.0,-1.6129032258064515,100.0,17.17,,,98.0,Ethnologue 2018,eng,,1.0,4.0,2.1,0.6,0.04,0.0,0.0,0.0,0.0,0.02,6.7,0.0,90.54,36.02,10.0,18.46,14.62,0.08,2.15,9.21,0.0,0.0,0.0
Belgium,BEL,BE,11499000.0,0.6331340133661625,98.0,17.12,11787.0,872.0,100.0,Ethnologue 2018,vls,fra,1.0,6.0,0.0,0.0,0.3,0.0,0.05,4.4,0.03,0.43,32.05,0.02,62.72,1.01,0.24,0.1,47.69,0.65,0.5499999999999999,12.48,0.0,0.0,0.0
Bahamas,BHS,BS,399000.0,1.0178117048346056,83.0,22.75,5359.0,56.0,97.0,Ethnologue 2018,eng,,1.0,3.0,1.05,0.45,0.0,0.05,0.0,0.0,0.0,0.3,3.5,0.0,94.65,61.38,9.14,13.68,14.38,0.16,1.8700000000000003,2.14,-8.100001156952125,0.0,0.0
Bangladesh,BGD,BD,166368000.0,1.1767161210722419,37.0,28.27,55598.0,2405.0,58.0,Ethnologue 2018,ben,eng,6.0,,0.49,0.01,0.6,0.0,9.1,89.01,0.02,0.0,0.11,0.0,0.66,0.21,0.26,0.0,0.19,0.0,0.0,0.0,0.0,0.0,0.0
Belize,BLZ,BZ,382000.0,2.17983651226158,46.0,34.41,8865.0,30.0,89.0,Ethnologue 2018,eng,spa,1.0,6.0,0.96,2.95,0.36,0.0,2.3,0.65,0.0,1.04,7.8,0.0,83.94,33.92,3.16,3.26,50.33,0.0,3.17,2.3,-12.20000127824931,0.0,0.0
Bosnia-Herzegovina,BIH,BA,3504000.0,-0.23671751709626512,48.0,13.36,19741.0,202.0,99.0,Ethnologue 2018,bos,,6.0,,0.0,0.0,0.0,0.0,0.0,54.16,0.0,0.01,4.85,0.0,40.98,0.07,0.03,0.0,12.58,28.190000000000005,0.07,0.04,0.0,0.0,0.0
Bolivia,BOL,BO,11216000.0,1.5154298310066128,69.0,32.36,424162.0,20.0,93.0,Ethnologue 2018,spa,ayr,1.0,6.0,3.1,1.9,0.05,0.2,0.0,0.01,0.0,0.03,3.74,0.0,90.97,12.86,4.64,0.01,77.56,0.04,2.33,0.0,-6.4699999960122945,0.0,0.0
Myanmar (Burma),MMR,MM,53856000.0,0.8700770744808051,31.0,25.77,261228.0,162.0,93.0,Ethnologue 2018,mya,,2.0,,0.63,0.0,80.04,2.3,0.45,7.2,0.0,0.0,0.4,0.0,8.98,4.52,2.29,0.13,1.33,0.0,0.029999999999999995,0.68,0.0,0.0,0.0
Benin,BEN,BJ,11486000.0,2.614847317990508,47.0,43.04,43483.0,157.0,38.0,Ethnologue 2018,fra,,1.0,6.0,35.95,0.3,0.0,0.0,0.0,23.5,0.0,0.0,0.27,0.09,39.89,5.92,4.98,0.0,21.49,0.0,4.800000000000001,2.7,0.0,0.0,0.0
Brazil,BRA,BR,210868000.0,0.7992632462971445,87.0,22.79,3300154.0,53.0,98.0,Ethnologue 2018,por,,1.0,6.0,5.4,0.02,0.26,0.02,0.01,0.29,0.0,0.06,2.24,0.3,91.4,16.34,12.42,0.07,72.79,0.09,1.54,0.0,-11.84999999897658,0.0,0.0
Bhutan,BTN,BT,817000.0,1.1479591836734695,41.0,26.27,18147.0,116.0,65.0,Ethnologue 2018,dzo,nep,2.0,,0.4,0.0,74.56,0.0,22.43,0.5,0.0,0.0,0.0,0.0,2.11,0.67,1.24,0.0,0.2,0.0,0.0,0.0,0.0,0.0,0.0
Bulgaria,BGR,BG,7037000.0,-0.7466892082276698,75.0,14.54,42822.0,178.0,98.0,Ethnologue 2018,bul,tur,1.0,4.0,0.0,0.01,0.0,0.0,0.0,12.1,0.0,0.04,7.94,0.0,79.91,1.7000000000000002,0.58,0.0,0.9899999999999999,78.56,0.15000000000000002,0.0,-2.0700000346792344,0.0,0.0
Brunei,BRN,BN,434000.0,1.1655011655011656,78.0,23.46,2228.0,158.0,96.0,Ethnologue 2018,zlm,eng,6.0,,6.6,0.24,8.9,5.3,0.73,65.31,0.0,0.0,1.5,0.03,11.39,2.38,2.7,1.01,5.16,0.0,0.05999999999999999,0.08,0.0,0.0,0.0
Burundi,BDI,BI,11216000.0,3.3151562364753744,13.0,45.61,10745.0,595.0,85.0,Ethnologue 2018,run,fra,1.0,6.0,3.8,0.08,0.0,0.0,0.0,5.5,0.0,0.0,0.09,0.07,90.46,10.13,10.74,8.49,60.919999999999995,0.02,0.19,1.32,-1.3500000352159713,0.0,0.0
Canada,CAN,CA,36954000.0,0.9370004960590862,81.0,15.44,3849670.0,8.0,99.0,Ethnologue 2018,eng,fra,1.0,6.0,0.4,0.1,1.1,0.59,1.0,2.9,0.9,1.1,19.09,0.75,72.07,9.5,0.64,1.87,40.09,3.03,1.6400000000000001,15.299999999999999,0.0,0.0,0.0
Cambodia,KHM,KH,16246000.0,1.5732608833006887,23.0,31.24,69900.0,183.0,77.0,Ethnologue 2018,khm,fra,2.0,,4.8,0.13,83.34,2.85,0.22,2.3,0.0,0.0,2.97,0.26,3.13,1.46,0.25,0.0,0.16,0.0,0.05999999999999999,1.2,0.0,0.0,0.0
Chad,TCD,TD,15353000.0,3.228254121542388,23.0,43.63,495753.0,18.0,26.0,Ethnologue 2018,arb,fra,6.0,,7.7,0.8,0.0,0.0,0.0,52.84,0.0,0.0,0.1,0.1,38.46,9.25,1.05,0.0,21.29,0.0,0.02,6.849999999999999,0.0,0.0,0.0
Belarus,BLR,BY,9452000.0,-0.2425648597342333,79.0,15.65,80154.0,129.0,100.0,Ethnologue 2018,bel,rus,1.0,4.0,0.0,0.1,0.0,0.0,0.0,0.61,0.0,0.51,28.14,0.11,70.53,1.36,0.8100000000000002,0.0,10.44,57.830000000000005,0.09000000000000001,0.0,0.0,0.0,0.0
Solomon Islands,SLB,SB,623000.0,1.8487394957983194,24.0,35.13,11158.0,45.0,97.0,Ethnologue 2018,eng,pis,1.0,3.0,1.1,0.6,0.0,0.0,0.0,0.0,0.0,0.0,0.0,2.5,95.8,39.5,5.07,33.79,19.6,0.0,1.17,2.46,-5.789999607988815,0.0,0.0
Ecuador,ECU,EC,16863000.0,1.4708574916081782,64.0,27.52,109483.0,123.0,94.0,Ethnologue 2018,spa,,1.0,6.0,0.36,0.14,0.0,0.16,0.0,0.03,0.0,0.01,4.85,0.0,94.45,6.05,2.44,0.02,80.58,0.02,3.1099999999999994,3.32,-1.0900000137931947,0.0,0.0
Egypt,EGY,EG,99376000.0,1.9607213227105285,43.0,33.21,386660.0,183.0,75.0,Ethnologue 2018,arb,arz,6.0,,0.0,0.0,0.0,0.0,0.0,86.67,0.0,0.0,0.5,0.0,12.83,0.75,0.1,0.0,0.39,11.59,0.0,0.0,0.0,0.0,0.0
Ireland,IRL,IE,4804000.0,0.7424692405600339,63.0,21.51,27135.0,143.0,99.0,Ethnologue 2018,eng,gle,1.0,6.0,0.0,0.0,0.01,0.01,0.09,0.87,0.0,0.04,7.26,0.0,91.72,0.91,0.4099999999999999,2.2,81.72,0.6,0.30000000000000004,5.58,0.0,0.0,0.0
Equatorial Guinea,GNQ,GQ,1314000.0,2.7586206896551726,72.0,40.15,10830.0,46.0,88.0,Ethnologue 2018,spa,fra,1.0,6.0,3.1,0.4,0.0,0.0,0.0,3.9,0.0,0.0,2.6,0.0,90.0,3.35,3.9599999999999995,0.0,80.33,0.0,0.6000000000000001,1.76,0.0,0.0,0.0
Estonia,EST,EE,1307000.0,-0.2291825821237586,69.0,16.12,17413.0,81.0,99.0,Ethnologue 2018,est,rus,7.0,,0.2,0.0,0.08,0.0,0.0,0.2,0.0,0.15,54.0,0.07,45.3,14.859999999999998,1.15,0.03,0.38,14.67,0.67,13.54,0.0,0.0,0.0
Eritrea,ERI,ER,5188000.0,2.428998505231689,40.0,40.66,45405.0,99.0,69.0,Ethnologue 2018,tir,eng,6.0,,0.56,0.0,0.0,0.0,0.0,50.26,0.0,0.0,1.87,0.0,47.31,1.39,0.31,0.0,3.4300000000000006,41.87,0.01,0.3,0.0,0.0,0.0
El Salvador,SLV,SV,6412000.0,0.3416856492027335,72.0,26.58,8124.0,784.0,87.0,Ethnologue 2018,spa,,1.0,6.0,0.0,0.4,0.03,0.0,0.0,0.03,0.0,0.01,4.9,0.0,94.63,26.83,10.79,0.1,65.06,0.0,3.04,0.0,-11.190000009686596,0.0,0.0
Ethiopia,ETH,ET,107535000.0,2.4466633285224786,21.0,43.71,426371.0,159.0,49.0,Ethnologue 2018,amh,,1.0,4.0,3.7,0.02,0.0,0.0,0.0,34.1,0.0,0.0,1.5,0.0,60.68,16.11,1.66,0.0,0.72,39.52,0.029999999999999995,0.0,-1.029999997881745,0.0,0.0
Czechia,CZE,CZ,10625000.0,0.06636329161926431,74.0,15.09,30448.0,337.0,100.0,Ethnologue 2018,ces,,7.0,,0.0,0.02,0.01,0.0,0.0,0.13,0.0,0.01,71.41,2.5,25.92,1.8799999999999997,0.88,0.0,20.16,0.38,0.33,2.29,0.0,0.0,0.0
French Guiana,GUF,GF,290000.0,2.536231884057971,84.0,,34749.0,5.0,83.0,Ethnologue 2018,fra,,1.0,6.0,2.1,0.4,0.0,0.9,0.0,1.8,0.9,0.0,2.65,0.0,91.25,5.77,1.01,0.04,75.66,0.0,1.8599999999999999,6.909999999999999,0.0,0.0,0.0
Finland,FIN,FI,5543000.0,0.30774800868935553,85.0,16.42,130560.0,40.0,100.0,Ethnologue 2018,fin,swe,1.0,3.0,0.0,0.01,0.0,0.0,0.01,0.56,0.0,0.02,15.54,0.11,83.75,83.25,0.03,0.0,0.18,1.11,0.56,0.0,-1.3800000224474196,0.0,0.0
Fiji,FJI,FJ,912000.0,0.5567928730512249,56.0,27.88,7054.0,122.0,94.0,Ethnologue 2018,eng,fij,1.0,3.0,0.0,0.28,0.0,0.02,27.81,5.7,0.53,0.01,0.6,0.0,65.05,45.91,10.59,0.8,11.59,0.0,2.8299999999999996,0.0,-6.670000398080782,0.0,0.0
Falkland Islands,FLK,FK,2900.0,0.0,78.0,,,,,,eng,,1.0,4.0,0.0,0.4,0.0,0.0,0.0,0.0,0.0,0.0,33.5,0.9,65.2,4.71,0.0,26.5,18.5,0.0,0.26,15.229999999999999,0.0,0.0,0.0
"Micronesia, Federated States",FSM,FM,106000.0,0.9523809523809524,23.0,30.81,270.0,,89.0,Ethnologue 2018,eng,,1.0,3.0,1.4,0.5,0.0,0.6,0.0,0.0,0.0,0.0,0.85,0.0,96.65,49.0,0.68,0.0,52.56000000000001,0.0,4.09,0.0,-9.680002880262103,0.0,0.0
Faroe Islands,FRO,FO,49000.0,0.0,42.0,19.98,,,,,dan,fao,1.0,3.0,0.0,0.05,0.0,0.0,0.0,0.0,0.0,0.0,9.28,0.08,90.59,87.58,0.96,0.0,0.34,0.0,0.31,1.4,0.0,0.0,0.0
French Polynesia,PYF,PF,286000.0,1.048951048951049,62.0,22.9,1544.0,167.0,98.0,Ethnologue 2018,fra,tah,1.0,3.0,0.3,0.25,0.0,2.1,0.0,0.0,0.0,0.1,5.0,0.0,92.25,41.92,0.78,0.0,36.34,0.0,13.0,11.22,-11.01000022026917,0.0,0.0
France,FRA,FR,65233000.0,0.41906352446341316,80.0,18.59,212934.0,281.0,99.0,Ethnologue 2018,fra,,1.0,6.0,0.0,0.02,0.97,0.0,0.0,10.5,0.0,0.94,26.03,0.4,61.14,1.91,0.14,0.03,57.58,1.05,0.56,0.0,-0.1299999936139553,0.0,0.0
Gambia,GMB,GM,2164000.0,3.1630170316301705,61.0,37.88,4363.0,335.0,56.0,Ethnologue 2018,eng,,6.0,,5.6,0.35,0.01,0.0,0.0,89.49,0.0,0.0,0.07,0.0,4.48,0.58,0.5,0.13,2.77,0.0,0.04,0.19,0.0,0.0,0.0
Gabon,GAB,GA,2068000.0,2.1554169030062393,89.0,41.98,103347.0,12.0,89.0,Ethnologue 2018,fra,,1.0,6.0,7.76,0.09,0.0,0.0,0.0,10.4,0.0,0.0,2.4,0.0,79.35,15.67,17.55,0.0,40.63,0.0,1.3299999999999998,5.77,-1.6000002664417898,0.0,0.0
Georgia,GEO,GE,3907000.0,-0.17587939698492464,59.0,17.91,26911.0,184.0,99.0,Ethnologue 2018,kat,rus,1.0,4.0,0.0,0.0,0.0,0.0,0.0,11.3,0.0,0.25,9.58,0.2,78.67,0.52,0.29,0.0,0.95,76.13,0.78,0.0,0.0,0.0,0.0
Ghana,GHA,GH,29464000.0,2.225947989869083,56.0,38.2,92100.0,221.0,71.0,Ethnologue 2018,eng,ewe,1.0,3.0,12.5,0.1,0.0,0.0,0.0,23.79,0.0,0.0,0.21,0.0,63.4,25.739999999999995,22.15,1.25,12.04,0.0,1.56,0.66,0.0,0.0,0.0
Gibraltar,GIB,GI,35000.0,0.0,100.0,20.12,,,80.0,Ethnologue 2018,eng,spa,1.0,6.0,0.0,0.0,0.0,0.0,1.1,8.9,0.0,2.0,3.2,0.0,84.8,1.29,1.18,6.529999999999999,74.66,0.0,0.77,0.37,0.0,0.0,0.0
Grenada,GRD,GD,108000.0,0.9345794392523363,36.0,24.15,131.0,681.0,96.0,Ethnologue 2018,eng,,1.0,6.0,1.6,0.15,0.0,0.0,0.7,0.35,0.0,0.0,3.5,0.0,93.7,29.31,4.48,13.61,53.72,0.0,2.03,0.0,-9.450000958386843,0.0,0.0
Greenland,GRL,GL,57000.0,0.0,87.0,21.26,,,99.0,Ethnologue 2018,kal,dan,1.0,3.0,1.05,0.29,0.0,0.0,0.0,0.0,0.0,0.0,2.1,0.0,96.56,64.59,0.1,0.0,0.22999999999999998,0.0,0.44999999999999996,31.19,0.0,0.0,0.0
Germany,DEU,DE,82293000.0,-0.05701395602488783,77.0,12.83,137830.0,604.0,99.0,Ethnologue 2018,deu,,1.0,3.0,0.0,0.02,0.27,0.0,0.09,4.4,0.03,0.25,30.51,0.18,64.25,31.55,0.8,0.04,30.630000000000003,1.87,0.5,0.03,-1.170000003046671,0.0,0.0
Guadeloupe,GLP,GP,409000.0,0.21231422505307856,98.0,,660.0,661.0,100.0,Ethnologue 2018,fra,,1.0,6.0,0.0,0.3,0.0,0.0,0.5,0.5,0.0,0.0,4.61,0.0,94.09,7.290000000000001,0.54,0.0,85.04,0.0,4.0,0.0,-2.7800000856197373,0.0,0.0
Guam,GUM,GU,166000.0,1.1627906976744187,95.0,24.95,212.0,761.0,96.0,Ethnologue 2018,eng,cha,1.0,6.0,0.32,0.74,1.4,0.45,0.0,0.0,0.0,0.0,0.4,0.0,96.69,14.64,1.28,0.61,76.71,0.0,1.47,1.9799999999999998,0.0,0.0,0.0
Greece,GRC,GR,11142000.0,-0.2381170436853192,79.0,13.93,50950.0,209.0,98.0,Ethnologue 2018,ell,,1.0,4.0,0.02,0.0,0.0,0.0,0.0,5.8,0.0,0.02,2.7,0.0,91.46,0.36,0.05,0.03,1.48,91.84,0.41999999999999993,0.0,-2.720000003576732,0.0,0.0
Guatemala,GTM,GT,17245000.0,1.9912433275355363,51.0,35.02,42042.0,318.0,81.0,Ethnologue 2018,spa,,1.0,6.0,0.3,0.0,0.05,0.02,0.0,0.01,0.0,0.0,3.5,0.0,96.12,19.23,6.570000000000001,0.02,55.2,0.0,2.06,15.07,-2.02999997009087,0.0,0.0
Guinea,GIN,GN,13053000.0,2.6569861744033365,36.0,41.7,94927.0,82.0,30.0,Ethnologue 2018,fra,,6.0,,6.9,0.0,0.0,0.0,0.0,88.33,0.0,0.0,0.3,0.0,4.47,0.63,0.16,0.01,1.8399999999999999,0.0,0.029999999999999995,1.8000000000000003,0.0,0.0,0.0
Guyana,GUY,GY,782000.0,0.38910505836575876,27.0,27.12,83000.0,8.0,89.0,Ethnologue 2018,eng,,1.0,,3.0,0.4,0.22,0.0,30.3,9.4,0.0,0.0,4.0,0.0,52.68,24.2,11.06,8.41,11.95,1.0,1.53,0.0,-5.470000341457392,0.0,0.0
Haiti,HTI,HT,11113000.0,1.2444690265486726,55.0,33.39,10714.0,661.0,60.0,Ethnologue 2018,fra,hat,1.0,6.0,2.78,0.1,0.0,0.0,0.0,0.05,0.0,0.0,1.95,0.0,95.12,15.370000000000001,3.37,1.21,69.31,0.0,0.49,15.869999999999997,-10.500000049076503,0.0,0.0
"China, Hong Kong",HKG,HK,7429000.0,0.7623196297304655,100.0,12.12,413.0,17724.0,97.0,Ethnologue 2018,cmn,eng,4.0,13.0,0.0,0.0,0.4,59.57,0.53,1.23,0.13,0.01,21.92,3.8,12.41,5.6,1.43,0.37,4.54,0.0,0.4700000000000001,0.0,0.0,0.0,0.0
Honduras,HND,HN,9417000.0,1.4041514041514043,57.0,33.55,43278.0,152.0,87.0,Ethnologue 2018,spa,,1.0,6.0,0.8,0.45,0.03,0.0,0.0,0.18,0.0,0.0,1.9,0.0,96.64,19.37,5.98,0.11,79.77,0.07,2.6599999999999997,0.0,-11.320000015757163,0.0,0.0
Croatia,HRV,HR,4165000.0,-0.35502958579881655,57.0,14.22,21830.0,202.0,99.0,Ethnologue 2018,hrv,,1.0,6.0,0.0,0.0,0.01,0.0,0.02,1.9,0.0,0.1,6.01,0.0,91.96,0.52,0.25,0.0,87.54,5.9,0.30000000000000004,0.0,-2.549999897951293,0.0,0.0
Hungary,HUN,HU,9689000.0,-0.33601466245799816,71.0,14.76,35919.0,280.0,99.0,Ethnologue 2018,hun,,1.0,6.0,0.0,0.0,0.04,0.0,0.0,0.16,0.0,0.91,10.9,0.0,87.99,23.73,1.09,0.0,59.56,1.07,0.77,1.77,0.0,0.0,0.0
Iceland,ISL,IS,338000.0,0.6024096385542169,94.0,20.4,39768.0,7.0,100.0,Ethnologue 2018,isl,,1.0,3.0,0.0,0.09,0.27,0.0,0.0,0.11,0.0,0.0,8.33,0.6,90.6,83.57,0.45999999999999996,0.0,2.52,0.11,0.27,3.6699999999999995,0.0,0.0,0.0
Indonesia,IDN,ID,266795000.0,1.1240266941948953,55.0,25.42,741097.0,314.0,93.0,Ethnologue 2018,ind,,6.0,,1.2,0.0,0.4,0.9,1.3,80.31,0.0,0.0,0.04,0.0,15.85,10.17,0.65,0.0,3.04,0.0,0.11999999999999998,1.87,0.0,0.0,0.0
Isle of Man,IMN,IM,85000.0,1.1363636363636365,53.0,16.31,,,,,eng,glv,1.0,4.0,,,,,,,,,,,,,,,,,0.0,0.0,0.0,0.0,0.0
India,IND,IN,1354052000.0,1.1841254384602977,34.0,27.71,1269340.0,826.0,71.0,Ethnologue 2018,hin,eng,5.0,,1.35,0.15,0.82,0.0,74.33,14.2,1.86,0.0,0.48,0.47,5.84,2.13,1.44,0.02,1.55,0.18,0.02,0.8,-0.1999999996706367,0.0,0.0
British Indian Ocean Territory,IOT,IO,3000.0,,,,,,,,eng,fra,1.0,,0.0,0.0,0.0,0.0,0.0,0.0,0.0,0.0,0.0,0.0,,0.0,0.0,0.0,0.0,0.0,0.0,0.0,0.0,0.0,0.0
Iran,IRN,IR,82012000.0,1.1281436228027437,75.0,23.65,630575.0,106.0,85.0,Ethnologue 2018,pes,,6.0,,0.0,0.4,0.0,0.0,0.0,98.64,0.0,0.02,0.28,0.15,0.51,0.02,0.15,0.0,0.04,0.31,0.0,0.0,0.0,0.0,0.0
Israel,ISR,IL,8453000.0,1.59912109375,92.0,27.73,8131.0,744.0,98.0,Ethnologue 2018,heb,arb,4.0,14.0,0.0,0.15,0.0,0.0,0.0,16.7,0.0,75.4,3.81,1.9,2.04,0.18,0.24,0.02,0.9899999999999999,0.57,0.04,0.0,0.0,0.0,0.0
Italy,ITA,IT,59291000.0,-0.005016638517750539,70.0,13.69,116320.0,496.0,99.0,Ethnologue 2018,ita,,1.0,6.0,0.0,0.01,0.43,0.0,0.26,2.6,0.13,0.06,14.13,0.0,82.38,0.63,0.44,0.02,84.37,1.7399999999999998,0.77,0.0,-5.590000003993507,0.0,0.0
Côte d'Ivoire,CIV,CI,24906000.0,2.4167885095037414,51.0,37.45,124502.0,136.0,57.0,Ethnologue 2018,fra,,6.0,,24.09,0.13,0.05,0.0,0.02,41.8,0.0,0.0,0.27,0.0,33.64,11.29,5.4,0.0,15.9,0.18,0.18000000000000002,0.69,0.0,0.0,0.0
Iraq,IRQ,IQ,39340000.0,2.9455630126771064,71.0,39.88,169236.0,142.0,79.0,Ethnologue 2018,arb,ckb,6.0,,0.0,0.0,0.0,0.0,0.0,95.91,0.0,0.0,0.6,1.9,1.59,0.04,0.13,0.01,1.18,0.22999999999999998,0.0,0.0,0.0,0.0,0.0
Japan,JPN,JP,127185000.0,-0.22086064405813624,92.0,12.97,145869.0,871.0,99.0,Ethnologue 2018,jpn,,2.0,,0.0,0.02,69.59,0.0,0.0,0.15,0.0,0.0,5.0,23.7,1.54,0.44,0.25,0.04,0.4,0.03,0.38,0.0,0.0,0.0,0.0
Jamaica,JAM,JM,2899000.0,0.35676061362825545,56.0,27.56,4243.0,632.0,88.0,Ethnologue 2018,eng,,1.0,3.0,10.2,0.2,0.0,0.18,0.65,0.3,0.0,0.01,4.65,0.9,82.91,36.05,10.2,3.66,4.25,0.1,1.9500000000000002,26.700000000000003,0.0,0.0,0.0
Jordan,JOR,JO,9904000.0,1.6649457924625708,91.0,35.04,34444.0,155.0,98.0,Ethnologue 2018,arb,ajp,6.0,,0.0,0.01,0.0,0.0,0.0,96.47,0.0,0.0,1.0,0.28,2.24,0.22999999999999998,0.09,0.06,0.4,1.46,0.0,0.0,0.0,0.0,0.0
Kenya,KEN,KE,50951000.0,2.573490508137394,27.0,40.87,224081.0,139.0,82.0,Ethnologue 2018,eng,swh,1.0,3.0,7.21,0.98,0.0,0.0,0.41,8.32,0.05,0.0,0.23,0.19,82.61,32.57,24.32,8.86,21.54,0.84,0.36000000000000004,0.0,-5.76,0.0,0.0
Kyrgyzstan,KGZ,KG,6133000.0,1.5081206496519721,36.0,30.12,76641.0,63.0,99.0,Ethnologue 2018,kir,rus,6.0,,0.2,0.03,0.42,0.0,0.0,88.73,0.0,0.05,5.3,0.0,5.27,0.45999999999999996,0.38,0.0,0.01,4.34,0.08,0.0,0.0,0.0,0.0
"Korea, North",PRK,KP,25611000.0,0.4904869269411811,62.0,20.97,46541.0,479.0,99.0,Ethnologue 2018,kor,,7.0,,15.5,0.0,0.4,0.0,0.0,0.0,0.0,0.0,69.3,13.2,1.48,0.04,1.27,0.0,0.17,0.0,0.0,0.0,0.0,0.0,0.0
Kiribati (Gilbert),KIR,KI,118000.0,1.7543859649122806,54.0,30.16,,,93.0,Ethnologue 2018,eng,gil,1.0,6.0,0.0,1.0,0.0,0.0,0.0,0.0,0.0,0.0,0.5,0.0,98.5,40.94,1.2,0.15,55.35,0.0,11.319999999999999,0.0,-10.460003817292336,0.0,0.0
"Korea, South",KOR,KR,51164000.0,0.39798827815618565,82.0,13.45,38324.0,1263.0,99.0,Ethnologue 2018,kor,,7.0,,7.0,0.08,23.7,2.7,0.0,0.29,0.0,0.0,30.98,4.3,30.95,34.48,0.86,0.1,9.18,0.0,2.98,0.0,-16.64923840198074,0.0,0.0
Christmas Island,CXR,CX,2200.0,7.7700000000000005,,12.79,,,,,eng,zlm,2.0,,0.0,0.0,36.0,15.0,0.0,25.0,0.0,0.0,5.81,0.0,18.19,5.63,0.0,3.5000000000000004,8.06,0.0,0.0,1.0,0.0,0.0,0.0
Kuwait,KWT,KW,4197000.0,2.3209383578737213,100.0,25.18,6880.0,309.0,94.0,Ethnologue 2018,arb,afb,6.0,,0.0,0.02,0.65,0.0,3.3,81.64,0.0,0.0,0.6,0.0,13.79,0.91,0.42,0.04,9.24,3.08,0.0,0.1,0.0,0.0,0.0
Kosovo,XKV,KV,1895000.0,,,25.39,,,92.0,Ethnologue 2017,aln,,6.0,20.0,,,,,,,,,,,,,,,,,0.0,0.0,0.0,0.0,0.0
Kazakhstan,KAZ,KZ,18404000.0,1.1705404648557827,57.0,25.68,1049151.0,16.0,99.0,Ethnologue 2018,kaz,rus,6.0,,0.03,0.0,0.15,0.0,0.0,53.68,0.0,0.03,33.94,0.02,12.15,0.83,0.11,0.0,0.88,9.82,0.28,0.22999999999999998,0.0,0.0,0.0
Laos,LAO,LA,6961000.0,1.7346053772766694,35.0,33.4,91429.0,63.0,73.0,Ethnologue 2018,lao,,2.0,,34.7,0.03,57.29,0.3,0.0,0.1,0.0,0.0,4.2,0.0,3.38,2.26,0.44,0.0,0.67,0.0,0.01,0.0,0.0,0.0,0.0
Lebanon,LBN,LB,6094000.0,0.8517034068136272,87.0,24.65,4015.0,918.0,94.0,Ethnologue 2018,arb,eng,6.0,,0.0,0.02,0.0,0.0,0.0,58.96,0.0,0.0,2.05,7.0,31.97,0.35,0.22999999999999998,0.0,23.9,7.32,0.17,0.0,0.0,0.0,0.0
Latvia,LVA,LV,1930000.0,-0.5623721881390593,68.0,15.01,24942.0,95.0,99.0,Ethnologue 2018,lvs,rus,1.0,6.0,0.0,0.0,0.0,0.0,0.0,0.42,0.0,0.24,38.44,0.9,60.0,21.81,4.27,0.0,18.08,15.46,0.28,0.1,0.0,0.0,0.0
Lithuania,LTU,LT,2876000.0,-0.6666666666666667,68.0,14.93,25174.0,143.0,99.0,Ethnologue 2018,lit,rus,1.0,6.0,0.12,0.0,0.0,0.0,0.0,0.14,0.0,0.16,14.2,0.02,85.36,0.93,1.5,0.0,73.11,4.85,0.20999999999999996,4.84,0.0,0.0,0.0
Liberia,LBR,LR,4854000.0,2.4918743228602382,51.0,42.3,43000.0,77.0,48.0,Ethnologue 2018,eng,,4.0,,42.5,0.27,0.0,0.0,0.0,15.5,0.0,0.0,0.0,0.3,41.43,18.28,9.73,0.95,4.92,0.0,0.4799999999999999,7.07,0.0,0.0,0.0
Slovakia,SVK,SK,5450000.0,0.055258795358261184,54.0,15.14,18923.0,287.0,99.0,Ethnologue 2018,slk,hun,1.0,6.0,0.0,0.0,0.0,0.0,0.0,0.03,0.0,0.05,6.53,0.05,93.34,9.38,0.14,0.0,79.75,1.1,0.4700000000000001,2.5,0.0,0.0,0.0
Liechtenstein,LIE,LI,38000.0,0.0,14.0,15.38,62.0,531.0,100.0,Ethnologue 2018,deu,,1.0,6.0,0.0,0.0,0.15,0.0,0.0,6.7,0.0,0.13,13.86,0.0,79.16,8.65,0.22,0.0,69.36,0.75,0.18000000000000002,0.0,0.0,0.0,0.0
Lesotho,LSO,LS,2263000.0,1.1574074074074074,28.0,32.4,11718.0,189.0,79.0,Ethnologue 2018,eng,sot,1.0,6.0,9.5,0.8,0.0,0.0,0.1,0.04,0.0,0.0,0.25,0.0,89.31,18.27,13.4,5.37,47.64,0.0,0.41000000000000003,4.22,0.0,0.0,0.0
Luxembourg,LUX,LU,590000.0,1.3888888888888888,91.0,16.82,999.0,450.0,99.0,Ethnologue 2018,ltz,fra,1.0,6.0,15.77,0.3,0.0,0.0,0.0,1.9,0.0,0.2,0.0,0.2,81.63,1.96,0.19,0.12,79.31,1.02,1.0999999999999999,0.0,-2.0699999186614937,0.0,0.0
Libya,LBY,LY,6471000.0,1.2480252764612954,80.0,26.17,679359.0,8.0,91.0,Ethnologue 2018,arb,ayl,6.0,,0.0,0.0,0.03,0.0,0.01,97.02,0.0,0.0,0.3,0.0,2.64,0.14,0.01,0.0,1.24,1.21,0.0,0.04,0.0,0.0,0.0
Madagascar,MDG,MG,26263000.0,2.797399261518703,37.0,40.17,226656.0,73.0,65.0,Ethnologue 2018,plt,fra,1.0,3.0,37.65,0.1,0.0,0.1,0.15,8.0,0.0,0.0,0.24,0.23,53.53,31.52,5.97,1.86,23.13,0.1,0.25,0.3,-9.59999999007269,0.0,0.0
Martinique,MTQ,MQ,385000.0,0.0,89.0,,425.0,995.0,87.0,Ethnologue 2018,fra,,1.0,6.0,0.0,0.5,0.0,0.0,0.3,0.65,0.0,0.0,2.4,0.35,95.8,10.6,0.39,0.0,84.98,0.0,2.32,0.0,-2.489998793106421,0.0,0.0
"China, Macau",MAC,MO,632000.0,1.507537688442211,100.0,14.22,8.0,57902.0,97.0,Ethnologue 2018,yue,por,4.0,13.0,0.0,0.5,17.1,62.01,0.0,0.1,0.0,0.0,14.94,0.0,5.35,1.6099999999999999,0.22,0.09,3.1400000000000006,0.0,0.29,0.0,0.0,0.0,0.0
Moldova,MDA,MD,4041000.0,-0.19689884321929607,43.0,18.03,13012.0,341.0,99.0,Ethnologue 2018,ron,rus,1.0,4.0,0.0,0.0,0.0,0.0,0.0,4.95,0.0,0.13,21.56,0.0,73.36,3.88,0.53,0.0,1.8399999999999999,61.74000000000001,1.21,4.16,0.0,0.0,0.0
Mayotte,MYT,YT,260000.0,2.8455284552845526,47.0,,,,92.0,Ethnologue 2018,fra,,6.0,,0.0,0.0,0.0,0.0,0.0,97.86,0.0,0.0,0.5,0.0,1.64,0.11,0.0,0.0,1.26,0.0,0.07,0.2,0.0,0.0,0.0
Mongolia,MNG,MN,3122000.0,1.5302727877578177,68.0,26.92,604826.0,4.0,97.0,Ethnologue 2018,khk,rus,2.0,,32.4,0.0,35.3,0.0,0.0,4.1,0.0,0.0,26.48,0.0,1.72,0.29,0.98,0.0,0.03,0.03,0.39,0.0,0.0,0.0,0.0
Montserrat,MSR,MS,5200.0,0.0,9.0,16.27,,,94.0,Ethnologue 2018,eng,,1.0,3.0,0.0,2.0,0.0,0.0,0.0,0.0,0.0,0.0,2.7,0.0,95.3,38.41,3.35,26.839999999999996,18.45,0.0,0.35000000000000003,7.9,0.0,0.0,0.0
Malawi,MWI,MW,19165000.0,3.092957746478873,17.0,46.53,45745.0,235.0,66.0,Ethnologue 2018,eng,nya,1.0,3.0,6.5,0.2,0.0,0.0,0.2,16.9,0.0,0.0,0.2,0.0,76.0,29.469999999999995,6.83,1.78,23.06,0.0,1.03,13.83,0.0,0.0,0.0
Montenegro,MNE,ME,629000.0,0.0,67.0,15.13,,,99.0,Ethnologue 2018,srp,,1.0,4.0,0.0,0.0,0.03,0.0,0.0,15.0,0.0,0.01,7.79,0.12,77.05,0.1,0.0,0.0,5.28,71.62,0.05,0.0,0.0,0.0,0.0
North Macedonia,MKD,MK,2085000.0,0.09610764055742432,58.0,17.27,9927.0,207.0,97.0,Ethnologue 2018,mkd,als,1.0,4.0,0.0,0.0,0.0,0.0,0.0,31.0,0.0,0.01,3.49,0.0,65.5,0.26,0.04,0.01,0.98,64.1,0.11000000000000001,0.0,0.0,0.0,0.0
Mali,MLI,ML,19108000.0,3.0603804797353185,42.0,47.27,478838.0,24.0,33.0,Ethnologue 2018,fra,,6.0,,9.88,0.0,0.0,0.0,0.0,87.38,0.0,0.0,0.1,0.0,2.64,0.7,0.01,0.0,1.92,0.0,0.01,0.0,0.0,0.0,0.0
Monaco,MCO,MC,39000.0,0.0,100.0,11.08,1.0,32013.0,99.0,Ethnologue 2018,fra,,1.0,6.0,0.0,0.0,0.0,0.0,0.0,0.7,0.0,2.9,11.42,0.2,84.78,1.9799999999999998,0.27,0.8699999999999999,81.3,0.36,0.0,0.0,0.0,0.0,0.0
Morocco,MAR,MA,36192000.0,1.2177959042996238,63.0,26.08,172413.0,181.0,69.0,Ethnologue 2018,arb,fra,6.0,,0.0,0.0,0.0,0.0,0.0,99.88,0.0,0.02,0.01,0.0,0.09,0.01,0.01,0.0,0.07,0.0,0.0,0.0,0.0,0.0,0.0
Mauritius,MUS,MU,1268000.0,0.31323414252153486,41.0,20.44,788.0,1525.0,92.0,Ethnologue 2018,eng,fra,5.0,,0.0,0.4,0.32,0.33,48.6,17.02,0.2,0.0,0.42,0.0,32.71,9.34,1.0,0.39,21.63,0.0,0.35000000000000003,0.0,0.0,0.0,0.0
Mauritania,MRT,MR,4540000.0,2.4003840614498317,54.0,38.87,395954.0,7.0,52.0,Ethnologue 2018,arb,mey,6.0,,0.0,0.0,0.0,0.0,0.0,99.75,0.0,0.0,0.0,0.0,0.25,0.02,0.06,0.03,0.14,0.0,0.0,0.0,0.0,0.0,0.0
Malta,MLT,MT,432000.0,0.2380952380952381,96.0,15.01,124.0,3210.0,94.0,Ethnologue 2018,mlt,eng,1.0,6.0,0.0,0.0,0.0,0.0,0.0,1.2,0.0,0.0,1.9,0.08,96.82,0.35,0.0,0.24,91.46,0.0,0.30000000000000004,4.47,0.0,0.0,0.0
Oman,OMN,OM,4830000.0,1.869359690588741,85.0,30.14,82031.0,33.0,99.0,Ethnologue 2018,arb,acx,6.0,,0.0,0.3,0.65,0.0,6.8,88.72,0.55,0.0,0.22,0.0,2.76,0.42,0.19,0.16,1.1,0.59,0.0,0.3,0.0,0.0,0.0
Maldives,MDV,MV,444000.0,1.6216216216216217,40.0,21.21,116.0,2773.0,98.0,Ethnologue 2018,div,,6.0,,0.0,0.0,0.4,0.0,0.35,99.04,0.0,0.0,0.04,0.0,0.17,0.06,0.02,0.0,0.09,0.0,0.0,0.0,0.0,0.0,0.0
Mexico,MEX,MX,130759000.0,1.2368617451334039,80.0,27.26,756062.0,137.0,94.0,Ethnologue 2018,spa,,1.0,6.0,1.2,0.03,0.1,0.0,0.0,0.0,0.0,0.04,3.6,0.0,95.03,7.380000000000001,2.43,0.03,87.62,0.03,2.6100000000000003,1.22,-6.290000003072888,0.0,0.0
Malaysia,MYS,MY,32042000.0,1.3397502601456814,76.0,28.16,127317.0,179.0,93.0,Ethnologue 2018,zlm,eng,6.0,,0.9,0.3,6.5,12.7,6.2,62.61,0.06,0.0,1.3,0.0,9.43,3.2199999999999998,0.79,0.9000000000000001,3.06,0.01,0.05,1.4,0.0,0.0,0.0
Mozambique,MOZ,MZ,30529000.0,2.7372960940489026,36.0,44.92,309494.0,64.0,55.0,Ethnologue 2018,por,,1.0,2.0,32.08,0.0,0.0,0.0,0.04,18.6,0.0,0.0,2.8,0.0,46.48,10.9,19.03,0.52,20.59,0.0,0.51,1.68,-6.750000021362346,0.0,0.0
New Caledonia,NCL,NC,280000.0,1.5037593984962405,71.0,22.78,7174.0,29.0,99.0,Ethnologue 2018,fra,,1.0,6.0,0.0,0.3,0.5,0.0,0.0,3.5,0.0,0.0,15.05,0.0,80.65,14.46,2.52,0.1,51.080000000000005,0.0,3.58,8.91,0.0,0.0,0.0
Niue,NIU,NU,1600.0,0.0,45.0,,,,99.0,Ethnologue 2018,eng,,1.0,3.0,0.0,1.0,0.0,0.0,0.0,0.0,0.0,0.0,4.1,0.0,94.9,60.150000000000006,5.56,2.78,5.56,0.0,20.169999999999998,0.68,0.0,0.0,0.0
Norfolk Island,NFK,NF,1700.0,-0.7100000000000001,,,,,,,eng,,1.0,4.0,0.0,0.0,0.0,0.0,0.0,0.0,0.0,0.0,31.4,0.0,68.6,14.32,0.0,33.12,11.19,0.0,0.44999999999999996,9.52,0.0,0.0,0.0
Niger,NER,NE,22311000.0,4.098479362780594,16.0,49.31,489189.0,22.0,19.0,Ethnologue 2018,fra,,6.0,,2.5,0.03,0.0,0.0,0.0,97.14,0.0,0.0,0.0,0.0,0.33,0.1,0.08,0.0,0.1,0.0,0.01,0.04,0.0,0.0,0.0
Vanuatu,VUT,VU,282000.0,2.2222222222222223,25.0,36.11,4707.0,42.0,83.0,Ethnologue 2018,bis,eng,1.0,3.0,3.4,1.8,0.17,0.0,0.0,0.05,0.0,0.0,0.5,0.0,94.08,73.49,1.86,12.06,11.88,0.0,3.39,0.0,-8.600001627431993,0.0,0.0
Nigeria,NGA,NG,195875000.0,2.592679744154705,50.0,42.79,356668.0,366.0,60.0,Ethnologue 2018,eng,,1.0,3.0,3.31,0.0,0.0,0.0,0.0,45.12,0.0,0.0,0.3,0.01,51.26,21.91,15.160000000000002,12.61,12.08,0.0,0.9499999999999998,0.0,-11.450000002211565,0.0,0.0
Netherlands,NLD,NL,17084000.0,0.3121319199057715,92.0,16.56,15768.0,1020.0,98.0,Ethnologue 2018,nld,eng,7.0,,0.0,0.04,0.22,0.0,0.35,5.5,0.0,0.18,46.86,0.3,46.55,17.35,0.97,0.22,25.7,0.17,0.44000000000000006,1.7000000000000002,0.0,0.0,0.0
Sint Maarten,SXM,SX,41000.0,0.0,100.0,18.45,,,87.0,Ethnologue 2018,eng,nld,1.0,6.0,,,,,,,,,,,,,,,,,,,,,
Norway,NOR,NO,5328000.0,1.1191198786039454,82.0,18.02,125050.0,36.0,100.0,Ethnologue 2018,nor,,1.0,3.0,0.0,0.03,0.15,0.0,0.0,1.9,0.0,0.04,6.1,0.7,91.08,85.8,1.66,0.02,1.09,0.15,0.4,7.03,-5.069999989702008,0.0,0.0
Nepal,NPL,NP,29624000.0,1.164604346469793,20.0,30.93,56826.0,457.0,85.0,Ethnologue 2018,npi,mai,5.0,,0.0,0.03,16.0,0.0,75.01,4.4,0.06,0.0,0.75,0.9,2.85,0.44,2.42,0.0,0.02,0.0,0.02,0.0,-0.039999990620608224,0.0,0.0
Nauru,NRU,NR,11000.0,0.0,100.0,31.93,,,97.0,Ethnologue 2018,eng,,1.0,3.0,0.0,0.0,0.0,3.2,0.0,0.0,0.0,0.0,5.3,0.0,91.5,57.35,0.0,2.93,29.059999999999995,0.0,1.39,0.77,0.0,0.0,0.0
Suriname,SUR,SR,568000.0,0.7299270072992701,66.0,25.15,63039.0,7.0,96.0,Ethnologue 2018,nld,,1.0,6.0,4.2,0.7,0.0,0.18,22.8,16.9,0.0,0.15,5.5,0.0,49.57,19.11,2.47,0.03,20.6,0.0,1.3699999999999999,5.99,0.0,0.0,0.0
Nicaragua,NIC,NI,6285000.0,1.1056910569105691,59.0,27.88,50193.0,100.0,78.0,Ethnologue 2018,spa,eng,1.0,6.0,0.8,0.05,0.04,0.06,0.0,0.03,0.0,0.0,1.7,0.0,97.32,21.59,11.76,0.19,69.39,0.0,2.39,0.0,-7.649999957061385,0.0,0.0
New Zealand,NZL,NZ,4750000.0,0.8762322015334063,87.0,19.76,104452.0,37.0,99.0,Ethnologue 2018,eng,mri,1.0,3.0,0.0,0.06,1.45,0.05,2.02,1.23,0.31,0.16,40.92,0.6,53.2,17.46,3.12,12.2,12.35,0.39,2.29,5.39,0.0,0.0,0.0
South Sudan,SSD,SS,12919000.0,2.850859970156287,20.0,44.86,,,27.0,Ethnologue 2018,eng,apd,1.0,,32.9,0.0,0.0,0.0,0.0,6.2,0.0,0.0,0.4,0.0,60.5,10.8,0.5,14.4,49.1,0.0,0.0,0.0,0.0,0.0,0.0
Paraguay,PRY,PY,6897000.0,1.2936802973977695,62.0,25.04,157046.0,38.0,95.0,Ethnologue 2018,spa,gug,1.0,6.0,1.62,0.12,0.19,0.03,0.0,0.06,0.0,0.03,1.65,0.0,96.3,5.05,4.62,0.33,86.0,0.19,1.2999999999999998,0.8100000000000002,-2.0,0.0,0.0
Pitcairn Islands,PCN,PN,50.0,-2.08,,,,,,,eng,,1.0,3.0,,,,,,,,,,,,,,,,,0.0,0.0,0.0,0.0,0.0
Peru,PER,PE,32552000.0,1.2337130987599925,78.0,26.62,496224.0,56.0,94.0,Ethnologue 2018,spa,quh,1.0,6.0,1.35,0.1,0.2,0.1,0.0,0.0,0.0,0.02,2.78,0.0,95.45,8.26,5.81,0.01,81.71,0.0,3.9800000000000004,0.12,-4.4400000067805525,0.0,0.0
Pakistan,PAK,PK,200814000.0,2.031354530226576,37.0,31.99,307375.0,482.0,58.0,Ethnologue 2018,urd,,6.0,,0.02,0.05,0.0,0.0,1.6,95.8,0.03,0.0,0.02,0.03,2.45,1.39,0.35,0.0,0.71,0.0,0.0,0.0,0.0,0.0,0.0
Poland,POL,PL,38105000.0,-0.07514316067680668,60.0,14.72,124807.0,309.0,100.0,Ethnologue 2018,pol,,1.0,6.0,0.0,0.0,0.02,0.0,0.01,0.1,0.0,0.01,10.13,0.1,89.63,0.44,0.17,0.0,85.69,1.44,0.58,1.31,0.0,0.0,0.0
Panama,PAN,PA,4163000.0,1.5288220551378446,68.0,26.7,29158.0,99.0,94.0,Ethnologue 2018,spa,,1.0,6.0,1.17,1.05,0.8,0.15,0.03,0.7,0.01,0.15,4.3,1.1,90.54,13.84,7.28,0.74,66.69,0.04,2.6500000000000004,0.0,-0.7000001425120601,0.0,0.0
Portugal,PRT,PT,10291000.0,-0.3784937888198758,65.0,15.5,35514.0,284.0,96.0,Ethnologue 2018,por,,1.0,6.0,0.0,0.0,0.02,0.0,0.08,0.32,0.0,0.01,5.14,0.03,94.4,1.25,2.19,0.04,89.64,0.75,1.2300000000000002,0.0,-0.7000000093176177,0.0,0.0
Papua New Guinea,PNG,PG,8418000.0,2.0318930041152266,13.0,33.93,178703.0,29.0,72.0,Ethnologue 2018,eng,tpi,1.0,3.0,3.5,0.25,0.05,0.02,0.0,0.04,0.0,0.0,0.3,0.0,95.84,52.65,5.89,2.46,26.49,0.0,2.3800000000000003,12.42,-6.449999978224221,0.0,0.0
Palau,PLW,PW,22000.0,0.0,80.0,19.93,178.0,109.0,97.0,Ethnologue 2018,eng,pau,1.0,6.0,0.0,0.65,0.0,1.05,0.0,0.0,0.0,0.0,2.4,0.0,95.9,25.56,3.45,0.0,42.45,0.0,11.240000000000002,13.200000000000001,0.0,0.0,0.0
Guinea-Bissau,GNB,GW,1907000.0,2.3834745762711864,43.0,39.28,13946.0,97.0,55.0,Ethnologue 2018,por,pov,6.0,,35.1,0.0,0.0,0.0,0.0,52.05,0.0,0.0,1.95,0.0,10.9,1.43,0.24,0.0,7.919999999999999,0.0,0.07,1.24,0.0,0.0,0.0
Qatar,QAT,QA,2695000.0,2.0515058926233087,99.0,12.57,4247.0,188.0,98.0,Ethnologue 2018,arb,,6.0,,0.0,0.2,1.9,0.0,2.7,88.39,0.0,0.0,0.55,0.35,5.91,0.79,0.21,0.53,3.9800000000000004,0.22999999999999998,0.17,0.0,0.0,0.0,0.0
Reunion,REU,RE,883000.0,0.6920415224913495,95.0,,969.0,770.0,92.0,Ethnologue 2017,fra,rcf,1.0,6.0,0.0,0.08,0.0,0.0,6.42,4.05,0.0,0.0,2.49,0.0,86.96,5.97,0.1,0.0,80.1,0.0,0.7900000000000001,0.0,0.0,0.0,0.0
Serbia,SRB,RS,6879000.0,-0.4084874617043005,56.0,14.64,39448.0,270.0,98.0,Ethnologue 2018,srp,,1.0,4.0,0.0,0.0,0.0,0.0,0.0,16.1,0.0,0.02,3.51,0.0,80.37,1.42,0.24,0.0,5.0,73.72,0.08,0.0,0.0,0.0,0.0
Marshall Islands,MHL,MH,53000.0,0.0,77.0,35.48,69.0,1073.0,98.0,Ethnologue 2018,eng,mah,1.0,3.0,0.3,1.9,0.0,0.0,0.0,0.0,0.0,0.0,0.7,0.0,97.1,91.5,3.92,0.0,6.94,0.0,7.649999999999999,0.0,-12.909997160793715,0.0,0.0
Romania,ROU,RO,19581000.0,-0.6968461260517215,54.0,14.4,92042.0,242.0,99.0,Ethnologue 2018,ron,,1.0,4.0,0.0,0.0,0.0,0.0,0.0,0.58,0.0,0.03,2.39,0.04,96.96,6.64,0.8199999999999998,0.0,5.28,87.14,0.8,0.0,-3.720000005663007,0.0,0.0
Philippines,PHL,PH,106512000.0,1.512958435207824,47.0,33.71,115830.0,732.0,95.0,Ethnologue 2018,tgl,eng,1.0,6.0,0.55,0.25,0.1,0.1,0.0,5.65,0.0,0.0,1.1,0.0,92.25,6.2,7.090000000000001,0.14,76.86,0.0,5.4,0.76,-4.200000004272735,0.0,0.0
Puerto Rico,PRI,PR,3659000.0,-0.05433306166802499,94.0,17.4,3456.0,1146.0,99.0,Ethnologue 2018,spa,eng,1.0,6.0,0.7,0.0,0.01,0.0,0.1,0.03,0.0,0.06,3.82,0.0,95.28,12.18,12.91,0.3,67.16,0.03,2.76,2.35,-2.409999974987556,0.0,0.0
Russia,RUS,RU,143965000.0,-0.045315114333519244,74.0,16.94,6592819.0,22.0,100.0,Ethnologue 2018,rus,,1.0,4.0,0.4,0.01,0.71,0.0,0.03,12.5,0.0,0.2,19.15,0.1,66.9,1.24,0.8,0.0,0.56,64.02,0.28,0.0,0.0,0.0,0.0
Rwanda,RWA,RW,12501000.0,2.3310611798367415,17.0,41.53,10170.0,729.0,66.0,Ethnologue 2018,kin,fra,1.0,6.0,3.8,0.18,0.0,0.0,0.0,5.2,0.0,0.0,1.7,0.0,89.12,24.68,1.46,9.73,45.25,0.02,0.54,7.44,0.0,0.0,0.0
Saudi Arabia,SAU,SA,33554000.0,1.8191429815287021,84.0,26.56,829996.0,28.0,95.0,Ethnologue 2018,arb,ars,6.0,,0.0,0.0,0.42,0.0,0.78,92.41,0.0,0.0,0.66,0.3,5.43,0.22999999999999998,0.15,0.01,4.67,0.29,0.05,0.03,0.0,0.0,0.0
Saint Pierre and Miquelon,SPM,PM,6300.0,0.0,90.0,15.57,,,99.0,Ethnologue 2018,fra,,1.0,6.0,0.0,0.0,0.0,0.0,0.0,0.0,0.0,0.0,3.06,0.0,96.94,0.17,0.0,0.0,96.46,0.0,0.31,0.0,0.0,0.0,0.0
Saint Kitts and Nevis,KNA,KN,56000.0,1.7857142857142856,31.0,20.61,139.0,278.0,98.0,Ethnologue 2018,eng,,1.0,3.0,0.0,0.45,0.0,0.0,0.0,0.0,0.0,0.0,5.7,0.9,92.95,42.5,3.26,20.63,7.64,0.19,2.12,16.62,0.0,0.0,0.0
Seychelles,SYC,SC,95000.0,1.0309278350515463,57.0,20.19,174.0,461.0,92.0,Ethnologue 2018,crs,eng,1.0,6.0,0.0,0.32,0.21,0.0,0.46,0.22,0.0,0.0,2.7,0.0,96.09,3.3099999999999996,0.67,6.32,84.99,0.0,0.69,0.11,0.0,0.0,0.0
South Africa,ZAF,ZA,57398000.0,0.8312264682878918,66.0,28.34,471444.0,93.0,93.0,Ethnologue 2018,eng,afr,1.0,2.0,13.5,0.42,0.0,0.03,1.2,1.73,0.0,0.15,0.0,7.73,75.24,15.21,39.82,2.81,6.04,0.1,0.66,10.6,0.0,0.0,0.0
Senegal,SEN,SN,16294000.0,2.982872538328308,47.0,41.85,75954.0,140.0,56.0,Ethnologue 2018,fra,wol,6.0,,2.22,0.2,0.01,0.0,0.0,91.05,0.0,0.0,0.1,0.0,6.42,0.14,0.22999999999999998,0.0,6.03,0.0,0.02,0.0,0.0,0.0,0.0
Saint Helena,SHN,SH,4100.0,0.0,40.0,16.27,,,,,eng,,1.0,4.0,0.0,0.2,0.0,0.0,0.0,0.0,0.0,0.0,5.1,0.0,94.7,7.04,2.95,87.38,2.04,0.0,4.99,0.0,-9.69995460735361,0.0,0.0
Slovenia,SVN,SI,2081000.0,0.09666505558240696,55.0,13.35,7819.0,247.0,99.0,Ethnologue 2018,slv,hun,1.0,6.0,0.0,0.02,0.01,0.0,0.0,1.95,0.0,0.01,43.79,0.04,54.18,1.07,0.06,0.0,39.9,2.0,0.15000000000000002,7.88,0.0,0.0,0.0
Sierra Leone,SLE,SL,7720000.0,2.1389563106796117,42.0,41.9,27699.0,204.0,46.0,Ethnologue 2018,eng,kri,6.0,,23.31,0.0,0.0,0.0,0.04,63.0,0.0,0.0,0.5,0.0,13.15,5.94,2.8,0.44,3.6799999999999997,0.01,0.28,0.0,0.0,0.0,0.0
San Marino,SMR,SM,34000.0,0.0,97.0,15.46,23.0,1209.0,96.0,Ethnologue 2018,ita,eng,1.0,6.0,0.0,0.7,0.0,0.0,0.0,0.0,0.0,0.0,10.41,0.1,88.79,0.05,0.0,0.0,88.0,0.0,0.7400000000000001,0.0,0.0,0.0,0.0
Singapore,SGP,SG,5792000.0,1.5446726347200281,100.0,12.94,239.0,18728.0,97.0,Ethnologue 2018,cmn,eng,2.0,,0.0,0.1,40.3,7.0,4.1,13.9,0.5,0.0,18.06,0.0,16.04,4.58,2.99,1.12,3.62,0.06,0.15000000000000002,3.52,0.0,0.0,0.0
Somalia,SOM,SO,15182000.0,2.8251647260583086,45.0,43.42,246201.0,32.0,38.0,Ethnologue 2018,som,eng,6.0,,0.0,0.0,0.0,0.0,0.0,99.67,0.0,0.0,0.0,0.0,0.33,0.01,0.04,0.0,0.0,0.28,0.0,0.0,0.0,0.0,0.0
Spain,ESP,ES,46397000.0,0.0108542277216976,80.0,15.43,195363.0,205.0,98.0,Ethnologue 2018,spa,,1.0,6.0,0.0,0.0,0.1,0.0,0.1,2.4,0.0,0.7,19.47,0.1,77.13,0.84,0.24,0.17,74.83,1.24,0.4799999999999999,0.0,-0.6700000002200196,0.0,0.0
Saint Lucia,LCA,LC,180000.0,1.0752688172043012,19.0,20.35,239.0,671.0,95.0,Ethnologue 2018,eng,acf,1.0,6.0,1.8,0.2,0.0,0.0,0.97,0.5,0.0,0.0,1.1,0.35,95.08,20.85,2.07,1.87,55.77000000000001,0.0,1.61,18.88,-5.9700014947511235,0.0,0.0
Sudan,SDN,SD,41512000.0,2.4043131921507674,35.0,39.43,967494.0,39.0,72.0,Ethnologue 2018,arb,apd,6.0,,,,,,,,,,,,26.11,,,,,,,,,,
Svalbard,SJM,SJ,2700.0,-3.55,,,,,,,nor,rus,1.0,3.0,0.0,0.03,0.15,0.0,0.0,1.9,0.0,0.04,6.1,0.7,91.08,85.8,1.66,0.02,1.09,0.15,2.36,0.0,0.0,0.0,0.0
Sweden,SWE,SE,9983000.0,0.7003654080389768,87.0,17.28,173730.0,51.0,99.0,Ethnologue 2018,swe,,1.0,3.0,0.0,0.01,0.31,0.0,0.13,3.61,0.0,0.17,38.35,0.22,57.2,61.92999999999999,0.42,0.03,1.39,1.28,0.53,0.0,-8.38999998493494,0.0,0.0
Syria,SYR,SY,18284000.0,1.847662141779789,54.0,31.95,71498.0,241.0,86.0,Ethnologue 2018,arb,apc,6.0,,0.0,0.01,0.0,0.0,0.0,90.0,0.0,0.0,1.4,2.25,6.34,0.14,0.04,0.02,3.11,3.02,0.01,0.0,0.0,0.0,0.0
Switzerland,CHE,CH,8544000.0,0.895094880057286,74.0,15.1,15942.0,458.0,100.0,Ethnologue 2018,gsw,fra,1.0,6.0,0.0,0.1,0.48,0.0,0.56,6.05,0.0,0.23,14.82,2.0,75.76,31.95,1.47,0.18,38.29,2.08,1.09,0.7,0.0,0.0,0.0
Trinidad and Tobago,TTO,TT,1373000.0,0.29304029304029305,53.0,19.34,1981.0,587.0,99.0,Ethnologue 2018,eng,,1.0,6.0,0.4,0.75,0.27,0.36,21.6,5.8,0.72,0.1,3.59,0.82,65.59,24.03,12.4,6.18,21.95,0.59,2.36,0.0,-1.9200000000000002,0.0,0.0
Thailand,THA,TH,69183000.0,0.22157982009479507,50.0,17.18,198116.0,315.0,95.0,Ethnologue 2018,tha,,2.0,,1.2,0.08,85.32,1.8,0.1,7.9,0.0,0.0,2.4,0.1,1.1,0.48,0.08,0.0,0.5,0.0,0.04,0.0,0.0,0.0,0.0
Tajikistan,TJK,TJ,9107000.0,2.1801822586226782,27.0,32.56,55251.0,122.0,99.0,Ethnologue 2018,tgk,rus,6.0,,0.0,0.01,0.0,0.0,0.0,93.93,0.0,0.0,5.0,0.02,1.04,0.11,0.01,0.0,0.01,0.9000000000000001,0.01,0.0,0.0,0.0,0.0
Turks and Caicos Islands,TCA,TC,36000.0,0.0,93.0,21.87,,,99.0,Ethnologue 2018,eng,,1.0,3.0,3.0,0.0,0.0,0.0,0.0,0.0,0.0,0.0,6.65,0.0,90.35,39.81,6.06,6.97,4.0,0.0,1.5100000000000002,32.0,0.0,0.0,0.0
Tokelau,TKL,TK,1300.0,0.0,0.0,,,,94.0,Ethnologue 2018,tkl,eng,1.0,3.0,0.0,0.0,0.0,0.0,0.0,0.0,0.0,0.0,0.0,0.0,100.0,65.92,0.0,0.0,31.509999999999998,0.0,1.41,1.16,0.0,0.0,0.0
Tonga,TON,TO,109000.0,0.9345794392523363,23.0,34.47,,,99.0,Ethnologue 2018,ton,eng,1.0,3.0,0.0,3.5,0.11,0.2,0.03,0.0,0.0,0.0,0.4,0.0,95.76,42.62,11.37,1.58,15.35,0.0,52.53,0.0,-27.68999616343756,0.0,0.0
Togo,TGO,TG,7991000.0,2.6010404161664664,42.0,40.44,21927.0,242.0,64.0,Ethnologue 2018,fra,,1.0,6.0,36.87,0.0,0.0,0.0,0.0,17.5,0.0,0.0,0.25,0.0,45.38,13.919999999999998,4.21,0.0,25.290000000000003,0.0,0.76,1.2,0.0,0.0,0.0
São Tomé and Príncipe,STP,TP,209000.0,2.0618556701030926,73.0,42.47,371.0,461.0,75.0,Ethnologue 2018,por,,1.0,6.0,7.45,0.1,0.0,0.0,0.0,3.5,0.0,0.0,1.4,0.0,87.55,4.18,9.12,0.0,73.16,0.0,1.09,0.0,0.0,0.0,0.0
Tunisia,TUN,TN,11659000.0,1.054945054945055,69.0,23.02,63170.0,156.0,79.0,Ethnologue 2018,arb,fra,6.0,,0.0,0.0,0.0,0.0,0.0,99.37,0.0,0.02,0.3,0.0,0.22,0.01,0.0,0.0,0.2,0.0,0.0,0.0,0.0,0.0,0.0
East Timor,TLS,TL,1324000.0,2.1469859620148637,31.0,41.43,,,68.0,Ethnologue 2018,por,tdt,1.0,6.0,10.81,0.0,0.1,0.1,0.5,1.1,0.0,0.0,0.0,0.0,87.39,3.6699999999999995,0.19,0.0,83.51,0.0,0.02,0.0,0.0,0.0,0.0
Turkey,TUR,TR,81917000.0,0.9997236944563062,75.0,25.08,299158.0,225.0,96.0,Ethnologue 2018,tur,,6.0,,0.0,0.0,0.0,0.0,0.0,96.64,0.0,0.02,3.1,0.03,0.21,0.02,0.01,0.0,0.06,0.12,0.0,0.0,0.0,0.0,0.0
Tuvalu,TUV,TV,11000.0,0.0,62.0,29.32,,,95.0,Ethnologue 2018,tvl,eng,1.0,3.0,0.0,1.1,0.0,0.0,0.0,0.0,0.0,0.0,1.19,0.0,97.71,94.6,0.0,0.0,1.0,0.0,2.11,0.0,0.0,0.0,0.0
Taiwan,TWN,TW,23694000.0,0.8,78.0,13.13,13969.0,1616.0,99.0,Ethnologue 2018,cmn,hak,4.0,13.0,0.03,0.05,28.8,60.74,0.0,0.35,0.0,0.0,2.31,1.9,5.82,1.79,2.04,0.01,1.25,0.0,0.31,0.42,0.0,0.0,0.0
Turkmenistan,TKM,TM,5851000.0,1.1766868909726054,52.0,25.95,188456.0,25.0,100.0,Ethnologue 2018,tuk,rus,6.0,,0.0,0.0,0.0,0.0,0.0,96.16,0.0,0.01,2.0,0.0,1.83,0.02,0.02,0.0,0.0,1.6399999999999997,0.14,0.01,0.0,0.0,0.0
Tanzania,TZA,TZ,59091000.0,3.1239234883510107,34.0,44.06,364900.0,102.0,80.0,Ethnologue 2018,swh,eng,1.0,6.0,12.97,0.43,0.0,0.0,0.9,31.2,0.03,0.0,0.4,0.0,54.07,17.43,2.22,7.33,27.1,0.06,0.09000000000000001,4.17,-4.329999998001758,0.0,0.0
Curacao,CUW,CW,162000.0,0.628930817610063,89.0,20.17,,,99.0,Ethnologue 2018,nld,pap,1.0,6.0,,,,,,,,,,,,,,,,,,,,,
Uganda,UGA,UG,44271000.0,3.298365696996751,24.0,48.26,93066.0,267.0,73.0,Ethnologue 2018,eng,,1.0,6.0,2.65,0.3,0.0,0.0,0.35,11.49,0.0,0.0,0.47,0.0,84.74,6.6000000000000005,3.2799999999999994,36.1,39.35,0.08,0.07,0.0,-0.7399999958575545,0.0,0.0
United Kingdom,GBR,GB,66574000.0,0.6143355193438896,83.0,17.44,94548.0,633.0,99.0,Ethnologue 2018,eng,,1.0,4.0,0.0,0.02,0.34,0.1,0.94,3.2,0.63,0.4,34.49,0.22,59.66,6.91,1.36,36.23,8.61,1.06,0.89,6.81,-2.2500000080476656,0.0,0.0
Ukraine,UKR,UA,44009000.0,-0.4907673001075655,69.0,15.51,233089.0,207.0,99.0,Ethnologue 2018,ukr,rus,1.0,4.0,0.02,0.0,0.0,0.0,0.0,1.05,0.0,0.3,19.48,0.14,79.01,3.75,2.02,0.0,10.14,61.14999999999999,0.7200000000000001,1.81,-0.5800000066030695,0.0,0.0
United States,USA,US,326767000.0,0.726584988846689,82.0,18.84,3717796.0,76.0,99.0,Ethnologue 2018,eng,spa,1.0,3.0,0.46,0.11,0.0,0.75,0.42,1.63,0.09,1.65,16.5,0.77,77.62,27.51,7.8100000000000005,0.68,21.19,1.67,3.6399999999999997,17.47,-2.3499999985833067,0.0,0.0
Burkina Faso,BFA,BF,19752000.0,2.8925619834710745,29.0,45.04,105792.0,120.0,36.0,Ethnologue 2018,fra,mos,6.0,,26.44,0.02,0.0,0.0,0.0,52.2,0.0,0.0,0.65,0.0,20.69,8.5,0.66,0.0,11.5,0.0,0.029999999999999995,0.0,0.0,0.0,0.0
Uruguay,URY,UY,3470000.0,0.37746806039488967,95.0,20.44,68498.0,50.0,99.0,Ethnologue 2018,spa,,1.0,6.0,6.3,0.1,0.0,0.0,0.0,0.1,0.0,0.8,27.41,0.6,64.69,3.6799999999999997,4.7,0.04,54.86,1.01,3.8100000000000005,0.0,-3.4099999940691927,0.0,0.0
Uzbekistan,UZB,UZ,32365000.0,1.2904290429042904,50.0,24.22,172741.0,148.0,99.0,Ethnologue 2018,uzn,rus,6.0,,0.2,0.0,0.16,0.0,0.0,84.93,0.0,0.16,13.8,0.0,0.75,0.28,0.1,0.0,0.01,0.3,0.01,0.05,0.0,0.0,0.0
St Vincent and Grenadines,VCT,VC,110000.0,0.0,52.0,21.78,151.0,771.0,88.0,Ethnologue 2018,eng,,1.0,3.0,2.0,0.3,0.0,0.0,3.8,1.2,0.0,0.0,2.6,0.0,90.1,65.15,14.499999999999998,17.29,6.77,0.0,0.98,2.52,-17.109997803887122,0.0,0.0
Venezuela,VEN,VE,32381000.0,1.2912846219740475,88.0,27.68,352143.0,69.0,95.0,Ethnologue 2018,spa,,1.0,6.0,0.7,0.47,0.1,0.1,0.0,0.4,0.0,0.1,12.17,1.42,84.54,5.45,6.74,0.0,71.16,0.12,1.7500000000000002,10.51,-11.190000018937075,0.0,0.0
British Virgin Islands,VGB,VG,32000.0,0.0,48.0,16.79,,,98.0,Ethnologue 2018,eng,,1.0,3.0,0.0,0.85,0.0,0.0,0.75,0.88,0.0,0.0,5.3,7.29,84.93,50.72,1.72,13.489999999999998,3.52,0.0,3.65,11.83,0.0,0.0,0.0
Vietnam,VNM,VN,96491000.0,1.0281224852822837,36.0,23.84,128066.0,635.0,94.0,Ethnologue 2018,vie,,2.0,,7.85,0.39,52.48,1.0,0.07,0.08,0.0,0.0,23.3,5.4,9.43,1.28,0.72,0.0,7.690000000000001,0.0,0.02,0.0,-0.2799999946084827,0.0,0.0
Virgin Islands (U.S.),VIR,VI,105000.0,0.9433962264150944,96.0,17.2,,,92.0,Ethnologue 2018,eng,spa,1.0,3.0,0.0,0.7,0.0,0.0,0.45,0.1,0.0,0.3,3.5,0.0,94.95,31.52,12.950000000000001,10.06,26.979999999999997,0.32,2.21,19.14,-8.230000182939099,0.0,0.0
Vatican City,VAT,VA,800.0,0.0,100.0,,,,100.0,Ethnologue 2018,lat,ita,1.0,6.0,0.0,0.0,0.0,0.0,0.0,0.0,0.0,0.0,0.0,0.0,100.0,0.0,0.0,0.0,100.0,0.0,0.0,0.0,0.0,0.0,0.0
Namibia,NAM,NA,2588000.0,2.1877486077963404,50.0,37.39,318259.0,6.0,91.0,Ethnologue 2018,eng,afr,1.0,3.0,4.52,0.0,0.0,0.0,0.0,0.0,0.0,0.04,4.0,0.0,91.44,60.64000000000001,11.59,5.2,17.86,0.0,0.19,3.29,-7.32999990506488,0.0,0.0
West Bank / Gaza,PSE,PS,5053000.0,2.73087346258078,76.0,36.91,2270.0,958.0,97.0,Ethnologue 2018,ajp,,6.0,,0.0,0.0,0.0,0.0,0.0,87.69,0.0,8.5,0.0,2.2,1.61,0.06,0.04,0.01,0.39,0.9000000000000001,0.01,0.2,0.0,0.0,0.0
Wallis and Futuna Islands,WLF,WF,12000.0,0.0,0.0,22.25,,,50.0,Ethnologue 2018,fra,,1.0,6.0,0.0,0.5,0.0,0.0,0.0,0.0,0.0,0.0,0.5,0.0,99.0,0.98,0.0,0.0,96.47,0.0,1.55,0.0,0.0,0.0,0.0
Western Sahara,ESH,EH,567000.0,2.054794520547945,87.0,37.54,97344.0,,,,ary,mey,6.0,,,,,,,,,,,,,,,,,,0.0,0.0,0.0,0.0,0.0
Samoa,WSM,WS,198000.0,0.5128205128205128,18.0,32.04,1097.0,163.0,99.0,Ethnologue 2018,smo,eng,1.0,3.0,0.0,1.9,0.0,0.0,0.0,0.0,0.0,0.0,1.5,0.0,96.6,57.53,4.55,0.21,18.72,0.0,19.03,0.0,-3.4400004470697376,0.0,0.0
Eswatini,SWZ,SZ,1391000.0,1.2269938650306749,24.0,35.5,6703.0,168.0,88.0,Ethnologue 2018,ssw,eng,1.0,2.0,12.2,0.48,0.0,0.0,0.14,1.0,0.0,0.0,1.5,0.0,84.68,9.64,49.01,0.88,4.74,0.0,0.6100000000000001,19.8,0.0,0.0,0.0
Yemen,YEM,YE,28915000.0,2.3364145862144263,37.0,40.48,203849.0,92.0,70.0,Ethnologue 2018,arb,ayn,6.0,,0.0,0.0,0.0,0.0,0.0,99.92,0.0,0.0,0.0,0.0,0.08,0.0,0.01,0.0,0.04,0.03,0.0,0.0,0.0,0.0,0.0
Zambia,ZMB,ZM,17609000.0,3.1165879045283242,44.0,46.08,290583.0,34.0,63.0,Ethnologue 2018,eng,,1.0,3.0,10.8,0.4,0.0,0.0,0.16,1.35,0.0,0.0,0.34,0.0,86.95,38.67,14.05,1.03,28.59,0.06,4.2,9.1,-8.750000018857579,0.0,0.0
Zimbabwe,ZWE,ZW,16913000.0,2.3235423060061375,32.0,37.8,150873.0,75.0,87.0,Ethnologue 2018,eng,sna,1.0,2.0,19.2,0.2,0.01,0.0,0.08,1.1,0.0,0.02,1.4,0.0,77.99,22.62,44.75,2.9,9.66,0.04,1.35,3.47,-6.800000015817728,0.0,0.0
